{
    "providers": [
        {
            "type": "bitmap",
            "file": "minecraft:font/b.png",
            "ascent": 7,
            "height": 8,
            "chars": [
                "֍"
            ]
        },
        {
            "type": "bitmap",
            "file": "minecraft:font/admin.png",
            "ascent": 7,
            "height": 8,
            "chars": [
                "©"
            ]
        },
        {
            "type": "bitmap",
            "file": "minecraft:font/builder.png",
            "ascent": 7,
            "height": 8,
            "chars": [
                "𓂺"
            ]
        },
        {
            "type": "bitmap",
            "file": "minecraft:font/logo.png",
            "ascent": 50,
            "height": 100,
            "chars": [
                "㍿"
            ]
        },
        {
            "type": "bitmap",
            "file": "minecraft:font/spectator.png",
            "ascent": 7,
            "height": 8,
            "chars": [
                "$"
            ]
        }

    ]
}